"company","sum"
"Element",NULL
"2U",NULL
"Mode Global",NULL
"BigBear.ai",NULL
"Medium",NULL
"Firework",NULL
"Talkwalker",NULL
"Zepto",NULL
"NCSoft",NULL
"Lora DiCarlo",NULL
"Reach",NULL
"Side",NULL
"Change.org",NULL
"Flowr",NULL
"Tricida",NULL
"HomeLight",NULL
"OpenSea",NULL
"NCX",NULL
"Carsome",NULL
"Vanta",NULL
"Dispatch",NULL
"Unchained Capital",NULL
"DUX Education",NULL
"Purse",NULL
"Prisma",NULL
"Sayurbox",NULL
"Plus One Robotics",NULL
"PicoBrew",NULL
"SuperRare",NULL
"Rent the Runway",NULL
"Sundae",NULL
"Cedar",NULL
"Prime Trust",NULL
"Match Group",NULL
"Aura Financial",NULL
"Haus",NULL
"ShopX",NULL
"Perceptive Automata",NULL
"Zymergen ",NULL
"Octopus Network",NULL
"Nerdy",NULL
"Voly",NULL
"Kandela",NULL
"Una Brands",NULL
"Butterfly Network",NULL
"Locomation",NULL
"ZenLedger",NULL
"Editas Medicine",NULL
"Jounce Therapeutics",NULL
"Nomad",NULL
"NextRoll",NULL
"Flowhub",NULL
"80 Acres Farms",NULL
"Strava",NULL
"Earth Rides",NULL
"Xendit",NULL
"ShipBob",NULL
"HubHaus",NULL
"SonderMind",NULL
"D2L",NULL
"Elliptic",NULL
"Mr. Yum",NULL
"Zapp",NULL
"Synlogic",NULL
"Fandom",NULL
"MariaDB",NULL
"Dude Solutions",NULL
"OpenText",NULL
"Nyriad",NULL
"TwinStrand",NULL
"Wyre",NULL
"Symend",NULL
"DeHaat",NULL
"GloriFi",NULL
"ActiveCampaign",NULL
"Rigetti Computing",NULL
"Fast",NULL
"Rubica",NULL
"Blue Apron",NULL
"Edmodo",NULL
"Tray.io",NULL
"HackerEarth",NULL
"Zoomo",NULL
"Kite",NULL
"Personalis",NULL
"Improbable",NULL
"BitGo",NULL
"Air",NULL
"Elastic",NULL
"Brightline",NULL
"Bitrise",NULL
"Gavelytics",NULL
"Whispir",NULL
"Springlane",NULL
"Lucid Diagnostics",NULL
"Scoro",NULL
"GoodGood",NULL
"Daraz",NULL
"Mojo Vision",NULL
"GoMechanic",NULL
"Nova Benefits",NULL
"Life360",NULL
"SQZ Biotech",NULL
"Airy Rooms",NULL
"Airlift",NULL
"DriveWealth",NULL
"Gatherly",NULL
"Berkeley Lights",NULL
"PagSeguro",NULL
"Jellyfish",NULL
"LiveRamp",NULL
"Vibrent Health",NULL
"The Modist",NULL
"DailyPay",NULL
"Capsule",NULL
"Qin1",NULL
"LiveVox",NULL
"Circulo Health",NULL
"Homeward",NULL
"Nativo",NULL
"Guidewire",NULL
"Udemy",NULL
"OneStudyTeam",NULL
"Zappos",NULL
"Prosus",NULL
"Poshmark",NULL
"Hipcamp",NULL
"GoNuts",NULL
"Domino Data Lab",NULL
"Messari",NULL
"Migo",NULL
"Awok",NULL
"Modern Treasury",NULL
"SoundCloud",NULL
"Rubicon Technologies",NULL
"WeTrade",NULL
"Atlanta Tech Village",NULL
"Deep Instinct",NULL
"Medly",NULL
"Codexis",NULL
"Ozy Media",NULL
"Kaodim",NULL
"Quibi",NULL
"Kazoo",NULL
"Datera",NULL
"NanoString",NULL
"Bizpay",NULL
"Magnite",NULL
"Fivetran",NULL
"Protego Trust Bank",NULL
"GitHub",NULL
"Eight Sleep",NULL
"Corvus Insurance",NULL
"MessageBird",NULL
"Assure",NULL
"Castlight Health",NULL
"Nextiva",NULL
"YourGrocer",NULL
"98point6",NULL
"Pesto",NULL
"Brodmann17",NULL
"Fipola",NULL
"Madefire",NULL
"Papa",NULL
"Devo",NULL
"Quantum SI",NULL
"Redbubble",NULL
"Volt Bank",NULL
"StyleSeat",NULL
"SendCloud",NULL
"FullStory",NULL
"Boosted Commerce",NULL
"Snapdocs",NULL
"Cabin",NULL
"Ignite",NULL
"BM Technologies",NULL
"Tackle",NULL
"Morning Brew",NULL
"StoryBlocks",NULL
"Dunzo",NULL
"Subspace",NULL
"Yabonza",NULL
"Zhihu",NULL
"Benitago Group",NULL
"Digital Surge",NULL
"Lantern",NULL
"Kandji",NULL
"Sana Benefits",NULL
"Attentive",NULL
"Roofstock",NULL
"SuperLearn",NULL
"Talis Biomedical",NULL
"Arch Oncology",NULL
"Degreed",NULL
"Zuora",NULL
"Lumina Networks",NULL
"Frequency Therapeutics",NULL
"Made.com",NULL
"Pastel",NULL
"Sana",NULL
"Desktop Metal",NULL
"Service",NULL
"Impact.com",NULL
"Domio",NULL
"Plerk",NULL
"Truck It In",NULL
"Milkrun",NULL
"Conga",NULL
"Amber Group",NULL
"Mythical Games",NULL
"Zola",NULL
"Vicarious Surgical",NULL
"Automox",NULL
"Sorabel",NULL
"Vendasta",NULL
"Scale AI",NULL
"Simple",NULL
"CoachHub",NULL
"SADA",NULL
"Bilibili",NULL
"Esper",NULL
"Rebel Foods",NULL
"Aiven",NULL
"Bakkt",NULL
"WhyHotel",NULL
"Mudafy",NULL
"Karbon",NULL
"Ouster",NULL
"Core Scientific",NULL
"Starship",NULL
"Yext",NULL
"SweetEscape",NULL
"OfferUp",NULL
"Volta",NULL
"Wallbox",NULL
"Ignition",NULL
"Nearmap",NULL
"Motif Investing",NULL
"Foresight Insurance",NULL
"Creditas",NULL
"Bally's Interactive",NULL
"Wavely",NULL
"Paddle",NULL
"National Instruments",NULL
"Podium",NULL
"Grove Collaborative",NULL
"Buzzer",NULL
"ByteDance",NULL
"Ziroom",NULL
"Sezzle",NULL
"Citrix",NULL
"Baraja",NULL
"Solarisbank",NULL
"Camp K12",NULL
"Vimeo",NULL
"Juniper Square",NULL
"Automatic",NULL
"Apollo",NULL
"Beamery",NULL
"Limeade",NULL
"Avast",NULL
"OPay",NULL
"Frubana",NULL
"Tesla",NULL
"Turntide",NULL
"PagerDuty",NULL
"Vedanta Biosciences",NULL
"Dance",NULL
"Cyteir Therapeutics",NULL
"Casavo",NULL
"Faze Medicines",NULL
"Popin",NULL
"Apollo Insurance",NULL
"Finder",NULL
"WeFit",NULL
"CircleCI",NULL
"Engine eCommerce",NULL
"Nirvana Money",NULL
"Offerpad",NULL
"Stockwell AI",NULL
"Halcyon Health",NULL
"RedDoorz",NULL
"Lido Learning",NULL
"Le Tote",NULL
"Bitfront",NULL
"CloudFactory",NULL
"Sendoso",NULL
"Kune",NULL
"Qwick",NULL
"MeridianLink",NULL
"Memmo",NULL
"Masse",NULL
"Change Invest",NULL
"PhableCare",NULL
"Clutter",NULL
"Ro",NULL
"5B Solar",NULL
"Pebblepost",NULL
"Peerfit",NULL
"Propzy",NULL
"Flux Systems",NULL
" Included Health",NULL
"Amazon","18150"
"Google","12000"
"Meta","11000"
"Salesforce","10090"
"Microsoft","10000"
"Philips","10000"
"Ericsson","8500"
"Uber","7585"
"Dell","6650"
"Booking.com","4601"
"Cisco","4100"
"Peloton","4084"
"Carvana","4000"
"Byju's","4000"
"Twitter","3940"
"Better.com","3900"
"IBM","3900"
"Groupon","3800"
"Bytedance","3750"
"Katerra","3074"
"SAP","3000"
"Swiggy","2880"
"Ola","2800"
"Wayfair","2620"
"Twilio","2300"
"Gopuff","2300"
"Zillow","2300"
"Crypto.com","2260"
"Coinbase","2110"
"WhiteHat Jr","2100"
"PayPal","2083"
"Airbnb","1930"
"Instacart","1877"
"OYO","1850"
"Lyft","1742"
"Stitch Fix","1730"
"Yahoo","1600"
"Redfin","1568"
"Unacademy","1500"
"Agoda","1500"
"PuduTech","1500"
"PaisaBazaar","1500"
"OLX Group","1500"
"DocuSign","1351"
"Juul","1300"
"Vacasa","1300"
"GoTo Group","1300"
"Stone","1300"
"Zoom","1300"
"Toast","1300"
"Lam Research","1300"
"Loft","1289"
"Snap","1280"
"DoorDash","1250"
"Shutterfly","1160"
"Opendoor","1150"
"Shopify","1150"
"Vedantu","1109"
"OneTrust","1100"
"Kraken","1100"
"Capital One","1100"
"MindBody","1100"
"Compass","1096"
"Doma","1075"
"Yelp","1063"
"Robinhood","1053"
"Stripe","1050"
"Magic Leap","1000"
"Butler Hospitality","1000"
"Invitae","1000"
"Noom","995"
"GoDaddy","981"
"LinkedIn","960"
"NetApp","960"
"Jumia","900"
"Black Shark","900"
"TripAdvisor","900"
"Vroom","882"
"Rivian","880"
"Blend","860"
"Playtika","850"
"WeWork","850"
"Gorillas","840"
"GoHealth","800"
"Arrival","800"
"Loggi","800"
"CureFit","800"
"Klarna","800"
"Flywheel Sports","784"
"Cazoo","750"
"Sonder","750"
"Sema4","750"
"Reef","750"
"Deliveroo","717"
"Intuit","715"
"ShareChat","701"
"Amdocs","700"
"MakeMyTrip","700"
"Cerebral","685"
"Lending Club","685"
"Argo AI","682"
"Deliv","669"
"Meesho","650"
"Misfits Market","649"
"Flexport","640"
"Clear Capital","628"
"Zomato","620"
"HelloFresh","611"
"Bybit","600"
"Cars24","600"
"MFine","600"
"Spotify","600"
"Eventbrite","580"
"Huobi","575"
"Cue","558"
"Delivery Hero","556"
"Infarm","550"
"Bird","544"
"Intel","544"
"Careem","536"
"Udaan","530"
"Workday","525"
"Hootsuite","520"
"Upstart","505"
"Netflix","505"
"Lendingkart","500"
"Jump","500"
"WeDoctor","500"
"Flyhomes","500"
"Avo","500"
"HubSpot","500"
"Affirm","500"
"Thoughtworks","500"
"eBay","500"
"PagBank","500"
"Illumina","500"
"Blackbaud","500"
"Atlassian","500"
"TomTom","500"
"Paytm","500"
"Bounce","490"
"Unity","484"
"SiriusXM","475"
"Wix","470"
"Root Insurance","467"
"Gympass","467"
"The RealReal","465"
"OneWeb","451"
"UiPath","451"
"Livspace","450"
"Carbon Health","450"
"Informatica","450"
"Workrise","450"
"Olive","450"
"Sophos","450"
"Zendesk","430"
"Gojek","430"
"Thumbtack","410"
"Ebanx","402"
"SWVL","400"
"ezCater","400"
"ZipRecruiter","400"
"Pluralsight","400"
"Cvent","400"
"Enjoy","400"
"Alerzo","400"
"Pico Interactive","400"
"AliExpress Russia","400"
"Kry","400"
"Oriente","400"
"Splunk","395"
"Renmoney","391"
"Just Eat Takeaway","390"
"Hopin","380"
"CommerceHub","371"
"Grab","360"
"Velodyne Lidar","360"
"Moladin","360"
"8x8","355"
"iFood","355"
"Sea","350"
"TuSimple","350"
"Toppr","350"
"Meero","350"
"SkipTheDishes","350"
"KeepTruckin","349"
"FarEye","340"
"Sage Therapeutics","340"
"Wish","340"
"Innovaccer","335"
"Latch","335"
"Luno","330"
"Freshly","329"
"Truepill","325"
"Okta","324"
"Fate Therapeutics","315"
"Dropbox","315"
"Bolt","307"
"Nuro","307"
"Ribbon","306"
"Tencent","300"
"Samsara","300"
"iFit","300"
"Color Health","300"
"Trax","300"
"Proterra","300"
"Teladoc Health","300"
"Wildlife Studios","300"
"TripActions","300"
"GoStudent","300"
"Lacework","300"
"Klook","300"
"AppLovin","300"
"Glassdoor","300"
"Cybereason","300"
"WeWork ","300"
"Skyscanner","300"
"StockX","300"
"Sono Motors","300"
"Sojern","300"
"Trell","300"
"Wave","300"
"SEND","300"
"SAP Labs","300"
"Lightspeed Commerce","300"
"New Relic","290"
"Monzo","285"
"Zymergen","280"
"RenoRun","280"
"Neon","280"
"FrontRow","275"
"Nutanix","270"
"DataRobot","270"
"BookMyShow","270"
"Bitpanda","270"
"Qualtrics","270"
"Pollen","269"
"Voi","265"
"Tonal","262"
"Plaid","260"
"Automation Anywhere","260"
"Tier Mobility","260"
"Facily","260"
"Blockchain.com","260"
"Everlane","257"
"Airtable","254"
"Western Digital","251"
"Houzz","250"
"Swappie","250"
"BlockFi","250"
"OLX India","250"
"Big Fish Games","250"
"Verily","250"
"B8ta","250"
"Stoqo","250"
"Autodesk","250"
"HOOQ","250"
"Glovo","250"
"Magicbricks","250"
"Mozilla","250"
"TravelTriangle","250"
"Glossier","249"
"QuintoAndar","248"
"Pegasystems","245"
"SoundHound","245"
"ThredUp","243"
"Beyond Meat","240"
"NS8","240"
"Inspirato","239"
"TaskUs","238"
"Motive","237"
"Recur Forever","235"
"Embark Trucks","230"
"Rupeek","230"
"Snyk","228"
"Hotmart","227"
"Clutch","226"
"iRobot","225"
"AvantStay","224"
"LivePerson","223"
"Electric","222"
"Stay Alfred","221"
"ServiceTitan","221"
"Confluent","221"
"Bizzabo","220"
"Zoox","220"
"Ritual","219"
"TrueCar","219"
"Zeus Living","217"
"Kitopi","217"
"Article","216"
"Olive AI","215"
"SecureWorks","212"
"OneFootball","212"
"Intercom","212"
"Twiga","211"
"Oda","210"
"AdRoll","210"
"Waymo","209"
"Jellysmack","208"
"Britishvolt","206"
"Meow Wolf","201"
"Booksy","200"
"Smava","200"
"MX","200"
"Fareportal","200"
"VTEX","200"
"DigitalOcean","200"
"Planetly","200"
"PayFit","200"
"MediBuddy","200"
"Software AG","200"
"MyGate","200"
"EverBridge","200"
"Synamedia","200"
"Oracle","200"
"Electronic Arts","200"
"Roku","200"
"JD.ID","200"
"Wayflyer","200"
"Shop101","200"
"Daniel Wellington","200"
"StubHub","200"
"LendingTree","200"
"GoPro","200"
"Ninjacart","200"
"Zenius","200"
"BlackBuck","200"
"Zume","200"
"CarDekho","200"
"Flymya","200"
"Yellow.ai","200"
"Merative","200"
"Hirect","200"
"Jam City","200"
"MasterClass","199"
"Brex","198"
"Glints","198"
"Rover","194"
"CityMall","191"
"ConsenSys","191"
"Integral Ad Science","190"
"2TM","190"
"Dock","190"
"McMakler","190"
"Clear","190"
"Clearco","185"
"BigCommerce","180"
"Konfio","180"
"Momentive","180"
"Xiaohongshu","180"
"Asana","180"
"BuzzFeed","180"
"Furlenco","180"
"Procore","180"
"Orchard","180"
"Postmates","180"
"Bitso","180"
"Zscaler","177"
"Thinkific","176"
"Alice","176"
"Weedmaps","175"
"Restaurant365","175"
"Pipedrive","174"
"Sonos","174"
"Socure","173"
"PolicyGenius","170"
"Kitty Hawk","170"
"Notarize","170"
"Favo","170"
"Crejo.Fun","170"
"OwnBackup","170"
"Vox Media","169"
"Gemini","168"
"Cameo","167"
"MaxMilhas","167"
"Fundbox","164"
"Swyftx","164"
"Rad Power Bikes","163"
"Carta","161"
"Metromile","160"
"Unico","160"
"SIRCLO","160"
"Hubilo","160"
"Buser","160"
"Rubius","160"
"Kayak / OpenTable","160"
"Wealthsimple","159"
"Homie","159"
"Happy Money","158"
"Chime","156"
"Calibrate","156"
"Oportun","155"
"ClassPass","154"
"Bridge Connector","154"
"Qualcomm","153"
"Patreon","151"
"Sprinklr","150"
"Next Insurance","150"
"Weee!","150"
"Simple Feast","150"
"Celsius","150"
"Relativity","150"
"Zwift","150"
"Chipper Cash","150"
"Convene","150"
"Uber Freight","150"
"Lummo","150"
"Salsify","150"
"Cruise","150"
"Pleo","150"
"6sense","150"
"Domestika","150"
"Curology","150"
"PayU","150"
"Instructure","150"
"Sinch","150"
"Fraazo","150"
"Kavak","150"
"Share Now","150"
"Pinterest","150"
"VerSe Innovation","150"
"Lido","150"
"HealthifyMe","150"
"Healthcare.com","149"
"Leafly","147"
"Minted","147"
"Knotel","147"
"IronNet","145"
"On Deck","145"
"Chrono24","145"
"Zilingo","144"
"Exotel","142"
"Chargebee","142"
"WanderJaunt","141"
"Pagaya","140"
"Reali","140"
"Bizongo","140"
"Callisto Media","140"
"DraftKings","140"
"GoodRx","140"
"LEAD","140"
"ContaAzul","140"
"ChowNow","140"
"Yojak","140"
"Impossible Foods copy","140"
"Bonterra ","140"
"Foodpanda","140"
"Packable","138"
"SSense","138"
"Bluprint","137"
"Benevity","137"
"Omie","136"
"Andela","135"
"Dapper Labs","134"
"Ula","134"
"TouchBistro","131"
"Takl","130"
"Quanterix","130"
"AppGate","130"
"GitLab","130"
"CarGurus","130"
"Validity","130"
"ID.me","130"
"Liftoff","130"
"SirionLabs","130"
"Guardant Health","130"
"Blueground","130"
"Outreach","130"
"Amount","130"
"Wonder","130"
"Evernote","129"
"Veriff","129"
"Mindstrong","127"
"Gusto","126"
"Bark","126"
"PeerStreet","126"
"Westwing","125"
"Malwarebytes","125"
"EasyPost","125"
"NCC Group","125"
"Tipalti","123"
"TripleLift","123"
"Cyren","121"
"Curefit","120"
"ScaleFocus","120"
"Till Payments","120"
"Soluto","120"
"SimilarWeb","120"
"Khoros","120"
"Breather","120"
"SmartNews","120"
"Captain Fresh ","120"
"Greenhouse Software","120"
"Trustly","120"
"Deliveroo Australia","120"
"BioMarin","120"
"UpGrad","120"
"Fabric","120"
"RigUp","120"
"Miro","119"
"Nomad Health","119"
"Pear Therapeutics","118"
"Knock","115"
"Skit.ai","115"
"Homepoint","113"
"SoFi","112"
"Genesis","112"
"Virgin Hyperloop","111"
"Pier","111"
"Namely","110"
"Sidecar Health","110"
"Landing","110"
"NYDIG","110"
"Carousell","110"
"Varonis","110"
"Curative","109"
"Turo","108"
"Ethos Life","108"
"Synthego","105"
"Greenlight","104"
"SummerBio","101"
"Komodo Health","101"
"Lyric","100"
"eToro","100"
"Jumpcloud","100"
"Rock Content","100"
"Jumio","100"
"Getaround","100"
"Berlin Brands Group","100"
"Gem","100"
"Taboola","100"
"SumUp","100"
"ForeScout","100"
"Zipcar","100"
"Starry","100"
"Zak","100"
"Lemon","100"
"Bullhorn","100"
"Bright Money","100"
"Remote","100"
"Branch Metrics","100"
"Getir","100"
"Udayy","100"
"Saks.com","100"
"Ruggable","100"
"Hyperscience","100"
"Productboard","100"
"Bryter","100"
"eGym","100"
"Mobile Premier League","100"
"Envato","100"
"F5","100"
"Akulaku","100"
"Catch.com.au","100"
"Storytel","100"
"Cognyte","100"
"DealShare","100"
"EMX Digital","100"
"Circ","100"
"Cashfree Payments","100"
"Tul","100"
"Fifth Season","100"
"HP","100"
"Liv Up","100"
"PatientPop","100"
"Babylon","100"
"Lendi","100"
"Traveloka","100"
"Adaptive Biotechnologies","100"
"Polygon","100"
"Checkmarx","100"
"Highspot","100"
"Pacaso","100"
"Flatiron School","100"
"Adobe","100"
"nCino","100"
"Wefox","100"
"10X Genomics","100"
"NSO","100"
"Synopsys","100"
"Checkout.com","100"
"Veev","100"
"Salesloft","100"
"Snappy","100"
"Willow","99"
"The Predictive Index","99"
"Colossus","97"
"Pavilion Data","96"
"Edgio","95"
"WHOOP","95"
"Culture Trip","95"
"54gene","95"
"BlackLine","95"
"PetLove","94"
"Newfront Insurance","94"
"PACT Pharma","94"
"GoFundMe","94"
"Back Market","93"
"Scoop","92"
"BitTorrent","92"
"Wheel","91"
"Skillz","91"
"Convoy","90"
"Calm","90"
"Industrious","90"
"Picsart","90"
"ApplyBoard","90"
"Matterport","90"
"Domo","90"
"Mural","90"
"ScaleFactor","90"
"Sunday","90"
"GetYourGuide","90"
"Science 37 ","90"
"Seegrid","90"
"The Zebra","90"
"Kueski","90"
"GumGum","90"
"Workato","90"
"Freshworks","90"
"Unison","89"
"Protocol Labs","89"
"Aqua Security","89"
"BloomTech","88"
"Brighte","88"
"Ibotta","87"
"Outside","87"
"Foodsby","87"
"Buy.com / Rakuten","87"
"Quandoo","87"
"Zenefits","87"
"Mejuri","86"
"Lever","86"
"Zego","85"
"Niantic","85"
"Funding Circle","85"
"Primer","85"
"Rev.com","85"
"Crunchyroll","85"
"Smartsheet","85"
"Sendy","84"
"Faire","84"
"Recharge","84"
"Ejento","84"
"Lambda School","84"
"Openpay","83"
"Fluke","83"
"Career Karma","82"
"Remedy","82"
"Care.com","81"
"Qumulo","80"
"RingCentral","80"
"Sketch","80"
"Bittrex","80"
"CoinDCX","80"
"Aqgromalin","80"
"Hologram","80"
"App Annie","80"
"AlayaCare","80"
"Sisense","80"
"Quartz","80"
"Sandbox VR","80"
"Lime","80"
"Pagarbook","80"
"Gong","80"
"LeafLink","80"
"Otonomo","80"
"Unbabel","80"
"Indigo","80"
"FabHotels","80"
"Lightricks","80"
"VinFast US","80"
"Nylas","80"
"Verbit","80"
"Buenbit","80"
"Spin","78"
"Rangle","78"
"Casper","78"
"Built In","78"
"Ada","78"
"Mogo","78"
"Pulse Secure","78"
"BounceX","77"
"Astronomer","76"
"Lokalise","76"
"Uniphore","76"
"O'Reilly Media","75"
"Arrive Logistics","75"
"Metigy","75"
"99","75"
"BitMEX","75"
"Palantir","75"
"Sami","75"
"Zeitgold","75"
"Thriver","75"
"DISCO","75"
"Gramophone","75"
"Kaltura","75"
"Varo","75"
"ThirdLove","75"
"Outschool","74"
"Gokada","74"
"Heycar","73"
"Quanergy Systems","72"
"Juni","72"
"Properly","71"
"Yotpo","70"
"Aura","70"
"Hibob","70"
"BitTitan","70"
"Involves","70"
"Boozt","70"
"Banxa","70"
"1stdibs","70"
"Goodfood","70"
"Kyruus","70"
"Carwow","70"
"Oscar Health","70"
"PickYourTrail","70"
"Hippo Insurance","70"
"KoinWorks","70"
"Bungalow","70"
"Acast","70"
"Quantcast","70"
"StudySmarter","70"
"Moss","70"
"Virtudent","70"
"The Iconic","69"
"HashiCorp","69"
"Redesign Health","67"
"Ajaib","67"
"Clari","65"
"uShip","65"
"Curve","65"
"Balto","65"
"InfluxData","65"
"BeyondMinds","65"
"Repertoire Immune Medicines","65"
"Mixpanel","65"
"Funding Societies","65"
"Chope","65"
"Playdots","65"
"Virta Health","65"
"Mapbox","64"
"Checkr","64"
"Sigfox","64"
"UserTesting","63"
"SynapseFI","63"
"Project44","63"
"Warby Parker","63"
"divvyDOSE","62"
"Numbrs","62"
"Element AI","62"
"OrCam","62"
"CS Disco","62"
"Bossa Nova","61"
"Shippo","60"
"Me Poupe","60"
"Deputy","60"
"MadeiraMadeira","60"
"VerticalScope","60"
"Forto","60"
"Lunchbox","60"
"Flywire","60"
"TechTarget","60"
"Parler","60"
"Raken","60"
"Revolut","60"
"FourKites","60"
"C6 Bank","60"
"Workmotion","60"
"Sanar","60"
"Harappa","60"
"Away","60"
"Optimizely","60"
"Tilting Point","60"
"Daily Harvest","60"
"ClickUp","60"
"WazirX","60"
"CleverTap","60"
"Elementor","60"
"Afterverse","60"
"Grin","60"
"Protocol","60"
"Melio","60"
"Quicko","60"
"Parallel Wireless","60"
"Fiverr","60"
"Nate","60"
"BlueStacks","60"
"Drift","59"
"Medallia","59"
"Exodus","59"
"Bonsai","59"
"Stord","59"
"Rasa","59"
"Pitch","59"
"Chili Piper","58"
"Hash","58"
"Envoy","58"
"Canoo","58"
"Introhive","57"
"Rhino","57"
"Splyt","57"
"Loom","57"
"Rubrik","57"
"Divergent 3D","57"
"Vesta","56"
"The Wing","56"
"Wave Sports and Entertainment","56"
"When I Work","55"
"Pomelo Fashion","55"
"Tufin","55"
"GoBolt","55"
"Definitive Healthcare","55"
"SalesLoft","55"
"Urban Sports Club","55"
"Udacity","55"
"Collective Health","54"
"Tempo Automation","54"
"Marketforce","54"
"The Mom Project","54"
"Actifio","54"
"MediaMath","53"
"Ual√°","53"
"OutboundEngine","52"
"Showpad","52"
"Lemonade","52"
"Bamboo Health","52"
"Turnitin","51"
"Cardlytics","51"
"RealSelf","51"
"Highsnobiety","51"
"Mercos","51"
"Ada Health","50"
"Zoopla","50"
"Puppet","50"
"Vezeeta","50"
"Earnin","50"
"Dazn","50"
"JOKR","50"
"Wonderschool","50"
"LiveTiles","50"
"Dutchie","50"
"ClearCo","50"
"SkySlope","50"
"Acorns","50"
"Minute Media","50"
"iPrice Group","50"
"Replicated","50"
"Ambev Tech","50"
"Segment","50"
"Linktree","50"
"Q4","50"
"Tiendanube","50"
"Inmobi","50"
"Group Nine Media","50"
"Remote Year","50"
"Kontist","50"
"Wahoo Fitness","50"
"Eucalyptus","50"
"Breathe","50"
"Headspace","50"
"Iron Ox","50"
"Pocket Aces","50"
"Warren","50"
"Impossible Foods","50"
"Rubicon Project","50"
"Lyst","50"
"American Robotics","50"
"Imperfect Foods","50"
"Lastline","50"
"Jimdo","50"
"Iflix","50"
"Equitybee","49"
"Shogun","48"
"Netlify","48"
"Button","48"
"Bench","47"
"Polly","47"
"HuffPo","47"
"Trybe","47"
"Alto Pharmacy","47"
"Karat","47"
"Ecobee","47"
"Unbounce","47"
"Payfactors","46"
"Wonolo","46"
"The Athletic","46"
"Riot Games","46"
"Viant","46"
"Akili Labs","46"
"Freetrade","45"
"Hubba","45"
"Pendo","45"
"Workstream","45"
"Intapp","45"
"Viber","45"
"Teachmint","45"
"Zumper","45"
"VSCO","45"
"Nuri","45"
"Namogoo","45"
"Mainstreet","45"
"Laybuy","45"
"Peek","45"
"Acko","45"
"Redox","44"
"Tomo","44"
"Chainalysis","44"
"Ahead","44"
"Passport","44"
"Luxury Presence","44"
"Shelf Engine","43"
"WalkMe","43"
"Elinvar","43"
"TheSkimm","43"
"Inscripta","43"
"Postscript","43"
"Bustle Digital Group","43"
"Mode Analytics","42"
"Unstoppable Domains","42"
"Food52","41"
"Embark","41"
"Peerspace","41"
"Bestow","41"
"Treehouse","41"
"Stash Financial","40"
"Clinc","40"
"Mux","40"
"Innovid","40"
"The Grommet","40"
"Hodlnaut","40"
"Intrinsic","40"
"Divvy Homes","40"
"Eruditus","40"
"Relevel","40"
"Shuttl","40"
"Etermax","40"
"PharmEasy","40"
"Brave Care","40"
"Moglix","40"
"Lightico","40"
"InDebted","40"
"Snowplow","40"
"KiwiCo","40"
"TikTok India","40"
"FreshDirect","40"
"Koo","40"
"Siteimprove","40"
"Grover","40"
"Eden / Managed By Q","40"
"Labster","40"
"Absci","40"
"StreamElements","40"
"Wistia","40"
"Eat Just","40"
"Community","40"
"Adwerx","40"
"Daloopa","40"
"BharatAgri","40"
"Parsable","40"
"Lighter Capital","40"
"Oh My Green","40"
"Vial","40"
"Oye Rickshaw","40"
"SpotHero","40"
"TrueLayer","40"
"BitSight","40"
"StrongDM","40"
"PartnerStack","40"
"Astra","40"
"Stack Overflow","40"
"PaySense","40"
"Cloudinary","40"
"Ideoclick","40"
"Navi","40"
"EVgo","40"
"Kiavi","39"
"Builder","39"
"Jobcase","39"
"Freshbooks","38"
"Articulate","38"
"Immersive Labs","38"
"M1","38"
"The Guild","38"
"Outbrain","38"
"Springbig","37"
"Capitolis","37"
"Flockjay","37"
"Hireology","36"
"Plum","36"
"Labelbox","36"
"Ada Support","36"
"Culture Amp","36"
"Copper","35"
"Anodot","35"
"Dynamic Signal","35"
"WorkRamp","35"
"OpenX","35"
"Kabam","35"
"Jetty","35"
"Superpedestrian","35"
"Sweetgreen","35"
"Ridecell","35"
"Linkfire","35"
"Monese","35"
"Frontdesk","35"
"TealBook","34"
"Lola","34"
"Appgate","34"
"D2iQ","34"
"Candy Digital","33"
"Movidesk","33"
"Studio","33"
"Vee","33"
"Citizen","33"
"Loftium","32"
"Stash","32"
"Advata","32"
"AtoB","32"
"Section4","32"
"Skillshare","31"
"REE Automotive","31"
"Beam Benefits","31"
"Skedulo","31"
"Maven","31"
"Enjoei","31"
"CaptivateIQ","31"
"Uberflip","31"
"Stashaway","31"
"Clue","31"
"Thread","30"
"Booktopia","30"
"Zencity","30"
"Bevi","30"
"Tomorrow","30"
"EquityZen","30"
"Superloop","30"
"Lawgeex","30"
"Overtime","30"
"Edifecs","30"
"Lev","30"
"Hunty","30"
"OKCredit","30"
"CyCognito","30"
"People.ai","30"
"Personetics","30"
"Permutive","30"
"Lusha","30"
"Coterie Insurance","30"
"Worksmith","30"
"Blume Global","30"
"Pecan AI","30"
"Betterfly","30"
"Textio","30"
"Ermetic","30"
"Synapsica","30"
"Bright Machines","30"
"Waze","30"
"FiscalNote","30"
"DataRails","30"
"Airtime","30"
"Hydrow","30"
"BeeTech","30"
"Veem","30"
"Coinsquare","30"
"Nestcoin","30"
"Gather","30"
"Sauce Labs","30"
"Submittable","30"
"Twine Solutions ","30"
"Emotive","30"
"Getta","30"
"Fireblocks","30"
"Catalant","30"
"Bullish","30"
"SQream","30"
"TCR2","30"
"Starship Technologies","30"
"Nav","30"
"Embroker","30"
"Tanium","30"
"Skai","30"
"Fittr","30"
"CTO.ai","30"
"Impala","30"
"Vesalius Therapeutics","29"
"Matrixport","29"
"Lattice","29"
"Chessable","29"
"Shef","29"
"Plato","29"
"Uncapped","29"
"Apartment List","29"
"Cadre","28"
"Quanto","28"
"Tally","28"
"Moovel","28"
"Zum","28"
"SellerX","28"
"Betterment","28"
"Stint","28"
"Demandbase","27"
"Transmit Security","27"
"PayJoy","27"
"Lithic","27"
"Sendle","27"
"Vendease","27"
"SafeGraph","27"
"LearnUpon","27"
"Preply","26"
"Lucira Health","26"
"Foxtrot","26"
"Integrate.ai","26"
"Humu","26"
"Briza","26"
"Wordstream","26"
"Artnight","26"
"Eaze","25"
"Armis","25"
"ResearchGate","25"
"HighRadius","25"
"Workable","25"
"Code42","25"
"BVAccel","25"
"Vise","25"
"Loja Integrada","25"
"UpScalio","25"
"IRL","25"
"Pear Therapeutics ","25"
"Brainly","25"
"Loftsmart","25"
"Kickstarter","25"
"Heroes","24"
"TIFIN","24"
"Drop","24"
"Thirty Madison","24"
"Stax","24"
"Exterro","24"
"Cogito","24"
"Revelate","24"
"Flipboard","24"
"Sourcegraph","24"
"Truiloo","24"
"SundaySky","24"
"CrowdStreet","24"
"Transfix","24"
"Tonkean","23"
"Allbirds","23"
"GoSpotCheck","23"
"Genome Medical","23"
"BusBud","23"
"Dover","23"
"Stedi","23"
"Antidote Health","23"
"Kuda","23"
"Splice","23"
"Dukaan","23"
"Superhuman","23"
"Legible","23"
"Aspire","23"
"GoBear","22"
"CommonBond","22"
"Citrine Informatics","22"
"Pipl","22"
"Sherpa","22"
"Magic Eden","22"
"InVision","22"
"Credit Sesame","22"
"Clyde","22"
"TextNow","22"
"Teamwork","21"
"Gitpod","21"
"VideoAmp","21"
"Pocketmath","21"
"Shakepay","21"
"Albert","20"
"Caliva","20"
"Addepar","20"
"The Sill","20"
"Drip","20"
"Immutable","20"
"Tamara Mellon","20"
"Perion","20"
"Argyle","20"
"Quidax","20"
"Thimble","20"
"Shipsi","20"
"JetClosing","20"
"TravelBank","20"
"InfoSum","20"
"Augury","20"
"Bleacher Report","20"
"Stream","20"
"Eatsy","20"
"GrayMeta","20"
"Ocavu","20"
"C2FO","20"
"Perimeter 81","20"
"Sales Boomerang","20"
"Privitar","20"
"Crayon","20"
"AngelList","20"
"Opal","20"
"NuoDB","20"
"Xentral","20"
"CoinTracker","19"
"UPshow","19"
"AU10TIX","19"
"Stytch","19"
"Intersect","19"
"#Paid","19"
"Yonder","18"
"Glitch","18"
"Sharethrough","18"
"Lendis","18"
"Homebot","18"
"Pana","18"
"Opencare","18"
"HealthMatch","18"
"Tidepool","18"
"Rows","18"
"Kenoby","18"
"Sensibill","17"
"Amplero","17"
"Clearbanc","17"
"G2","17"
"Connected","17"
"Anagram","17"
"Zenoti","17"
"Top Hat","16"
"Finite State","16"
"OFFOR Health","16"
"Rhumbix","16"
"ContraFect","16"
"Baton","16"
"Koinly","16"
"Help.com","16"
"Usermind","15"
"Clarify Health","15"
"Airtame","15"
"Kodiak Robotics","15"
"Horizn Studios","15"
"Loop","15"
"Forma.ai","15"
"Teleport","15"
"DataStax","15"
"Vouch","15"
"Triplebyte","15"
"Atlas Obscura ","15"
"Borrowell","15"
"Koho","15"
"Tulip Retail","14"
"OpenWeb","14"
"Finleap Connect","14"
"Lighthouse Labs","14"
"G/O Media Group","14"
"Trove Recommerce","13"
"Arc","13"
"Syte","13"
"Consider.co","13"
"Bridgit","13"
"Tor","13"
"Substack","13"
"Limelight","13"
"Amperity","13"
"Politico / Protocol","13"
"The Org","13"
"Ladder Life","13"
"Descartes Labs","12"
"MakerBot","12"
"Jama","12"
"Kongregate","12"
"DSCO","12"
"Dooly","12"
"Abra","12"
"CNET","12"
"BookClub","12"
"Hedvig","12"
"Pliops","12"
"100 Thieves","12"
"Loopio","11"
"Compete","11"
"Venngage","11"
"Anywell","11"
"GetNinjas","11"
"Welkin Health","10"
"Polarr","10"
"Tripbam","10"
"CoinJar","10"
"Forward","10"
"Xerpa","10"
"Her Campus Media","10"
"Ike","10"
"Swyft","10"
"Humble","10"
"Digital Currency Gruop","10"
"Dotscience","10"
"Tapps Games","10"
"Bringg","10"
"Element Analytics","10"
"PerkSpot","10"
"&Open","9"
"Iris Nova","9"
"BitOasis","9"
"Incredible Health","9"
"N26","9"
"HopSkipDrive","8"
"CodeCombat","8"
"Voyage SMS","8"
"Docly","8"
"LoopMe","8"
"Kinde","8"
"Expert360","7"
"Coding Dojo","7"
"Simon Data","6"
"Instamojo","6"
"Jiobit","6"
"Dark","6"
"Atsu","6"
"Panda Squad","6"
"Aya","5"
"Synergysuite","5"
"Woven","5"
"Geekwire","5"
"DialSource","5"
"Avantage Entertainment","5"
"Havenly","5"
"TutorMundi","4"
"Spyce","4"
"Flytedesk","4"
"Branch","3"
